scenario	N1	N2	N3	N4	N5	N6	N7	Nanc	raa	ta	t1	t2	t3
1	18395	26672	118216	28125	10203	1736839	119470	2935184	0.0934780538082123	1020	2974	3253	36676
1	54269	37929	537675	2293216	145303	770507	114430	2943535	0.328506946563721	2054	10051	24080	58724
1	160277	2187176	3117841	10009	421987	351096	128173	7613105	0.145296394824982	876	3796	27409	76807
1	29022	21861	747044	2274545	15845	57144	59414	7976604	0.0948309674859047	757	1469	11340	40678
1	69347	36217	29949	10519	2756069	24099	146486	3741045	0.187950387597084	340	3799	11823	110317
1	65720	537526	51325	1258840	250333	21848	48819	5892058	0.0731845200061798	6086	19574	21693	64124
1	568037	50130	699103	547069	37123	2572937	528711	1975356	0.345697849988937	5558	9622	27028	240439
1	248664	214808	417860	1507740	217112	4605801	403514	2410063	0.148438900709152	6931	10145	47124	304969
1	180610	375727	1150022	305484	80284	252384	223685	9467640	0.246495053172112	313	12142	102706	143746
1	15752	116138	742103	34074	23272	5439970	19910	571126	0.313509106636047	315	9379	17902	20085
1	59581	188865	10777	399588	27828	1413636	427921	6587672	0.129510670900345	711	3951	55680	63893
1	29287	17516	7011494	2012015	44022	302925	35741	3493317	0.157569259405136	385	817	7588	21465
1	55789	94353	324003	18301	151114	2909947	75547	2491267	0.12219575792551	1360	2409	51274	78674
1	148129	183199	565015	314465	48140	731603	413715	9002357	0.084252841770649	167	13240	120920	139881
1	255003	61077	1246008	248684	41934	165775	1405178	4577190	0.143502235412598	401	6784	7172	333050
1	274089	14432	93591	24082	5121847	308338	597811	7049552	0.322820454835892	186	1751	2667	347944
1	74433	382688	262886	8405119	54588	122067	139749	8569174	0.170955330133438	1791	4047	12757	61605
1	200542	42647	455466	1247433	12804	909414	191272	2710952	0.241312325000763	264	2162	22290	232611
1	31937	93160	2307075	24341	307153	6874011	441907	4229452	0.0580496452748775	431	4609	9882	95646
1	20874	67168	2365064	27492	20250	80538	106638	7133797	0.364219456911087	1387	8230	9516	28946
1	140335	3540217	3290426	58242	46181	40132	246332	1907478	0.0507558174431324	1495	13389	14417	112301
1	842460	7107985	72527	5627077	32195	130277	778342	3755293	0.148571699857712	4244	12916	31876	744536
1	75904	67919	1986646	48694	137817	241392	59675	752574	0.418519645929337	869	6430	30756	37035
1	89391	62558	89153	62362	846790	214111	316928	9926534	0.168396592140198	6164	15644	26958	60805
1	64494	21291	233088	11195	34934	1198646	283179	4607214	0.0566825419664383	935	1832	16505	149637
1	176135	35921	30713	168640	95541	44191	3425083	3672179	0.0657506808638573	2366	32360	39801	97867
1	443476	311615	1083263	79155	47599	2300974	209699	4398869	0.0628157928586006	3866	9133	50296	150868
1	183609	61971	62372	32033	7525986	53896	197177	1152344	0.291436642408371	536	6978	18645	73398
1	85206	223772	18368	1636120	783906	100032	811292	3582163	0.198037713766098	289	30688	45692	129617
1	65949	100173	182670	36716	26507	448193	1236290	7607961	0.262483596801758	258	3874	6650	72290
1	46621	225464	537531	43033	66250	26658	2953232	4944746	0.128415212035179	318	18860	23454	105689
1	61653	41976	7631243	49418	30511	44914	54039	528819	0.448395907878876	1013	6702	13895	19453
1	26806	1092534	62782	13930	84816	149894	13529	7233941	0.0748545080423355	1801	4553	11109	20891
1	99738	27044	97355	1043770	16080	553269	30970	6348888	0.441680312156677	974	5243	23339	62286
1	36429	47565	3155294	483710	100887	37138	1078239	2266711	0.261437118053436	2709	11080	17897	48401
1	28946	6771250	264907	2056571	47883	1101649	28450	941262	0.381374537944794	203	6023	18773	34338
1	63390	395443	13610	62953	15445	34476	89780	869984	0.0544012598693371	240	6498	20113	57068
1	988547	2572388	8525047	928038	101589	802131	1949184	6961592	0.184723317623138	329	32700	52170	557912
1	336158	513906	27104	10832	19889	265582	1389180	3069509	0.106816858053207	1177	2833	49736	317007
1	1922301	72625	2577195	105800	66692	35920	4929438	4300555	0.0990855470299721	367	21670	40875	153850
1	156917	563719	3568124	19469	68792	463517	306271	3927165	0.194691643118858	420	10303	33814	108287
1	20400	12922	74489	110514	136497	2513470	49646	7358796	0.180304855108261	739	4722	5707	22438
1	10150	329562	16322	50147	138856	129667	14467	3943453	0.269650727510452	2135	14090	19846	20132
1	66289	24951	620211	455453	10902	44721	258586	3331934	0.0533512458205223	4408	7038	9385	42541
1	222713	1183415	10427	12174	24944	156635	648297	6892021	0.150575086474419	314	929	1874	247699
1	562171	16050	50693	29780	40024	63167	4827565	4551306	0.138606160879135	171	6272	21372	278959
1	895509	318281	711048	67615	171255	110965	5265507	8774136	0.0630985721945763	8378	17331	68636	457622
1	28134	37547	542262	89864	1349036	32430	141051	4331214	0.254935413599014	794	1234	11312	32284
1	62922	61905	30556	24679	57888	310489	37110	3390724	0.180762514472008	213	5381	17637	25071
1	1261750	175116	156352	711448	165804	24406	636427	9923733	0.117278434336185	2853	43485	51407	371229
1	75012	465186	4561728	82795	66638	5165615	41730	2080417	0.27300962805748	2045	5367	22208	74721
1	483041	110558	240833	11660	39017	3742128	1801724	2425125	0.115722477436066	868	3390	89558	454831
1	512767	18012	9592180	80858	1109789	2153247	723330	7395524	0.105363436043262	4918	10169	16442	349145
1	228779	87229	3043167	8116140	32838	431143	26190	4381305	0.145967945456505	856	2111	75907	95975
1	264137	25328	7426741	533315	5001718	1904245	193605	7867616	0.21293893456459	289	3988	15765	177585
1	50942	26606	1402315	2425152	13165	26210	4008080	4259344	0.295155555009842	342	1086	3109	99152
1	45707	24411	26575	10655	10261	16860	46284	1431622	0.145681083202362	191	896	2930	23786
1	13346	5871862	392652	141876	180787	18519	32143	2959550	0.248689383268356	155	8362	10220	16804
1	20212	78764	8355595	314414	23374	88228	185236	6734546	0.0717321634292603	206	1450	12107	21491
1	387906	309200	299428	45433	15574	1016948	372170	1997252	0.0807284563779831	1760	3443	33901	169385
1	18786	14286	3144210	342708	58893	22920	22746	1494668	0.16780611872673	227	563	1164	16818
1	66418	13100	63246	7444690	31707	1902829	44986	765383	0.211202353239059	6530	10365	11268	42477
1	45041	75665	642263	36291	98022	36087	2491618	3364889	0.494312137365341	1256	4024	11277	116096
1	883414	148902	7940866	55985	34095	14397	2306508	2793297	0.322905123233795	200	4824	8322	535971
1	228924	3825962	493995	264805	521335	70889	173601	7085983	0.0943955630064011	852	11208	42732	136989
1	193227	1293120	2131409	146894	803769	1309543	136748	3647670	0.153006672859192	5399	28922	41177	161463
1	45947	16532	74816	39116	22651	2137194	100938	752423	0.211253553628922	553	1023	8473	73940
1	18401	16025	210602	78315	23183	164960	23653	1499943	0.0516971983015537	464	757	7876	26544
1	63561	6650489	40476	14043	485945	20800	84105	1584849	0.156472831964493	206	2635	14608	60923
1	207316	68097	215437	28090	437235	5648120	229169	983376	0.0585138984024525	1506	3096	15749	206320
1	26071	19516	6813607	467231	16125	39220	15221	5544019	0.0631873905658722	912	1791	3550	6510
1	22953	16011	1073352	292415	320650	94260	20567	1438106	0.295845776796341	279	4730	6683	10455
1	75883	42878	3346706	1411868	15946	245939	405520	1511875	0.328232407569885	479	4804	13433	32241
1	104418	9910871	7366155	1077026	123096	104668	664249	3871484	0.380225837230682	13432	22298	51171	147048
1	215908	970685	4058746	524310	92780	276549	1074508	1521320	0.454842537641525	12588	15718	24399	428708
1	14687	114440	1041201	16223	22664	826091	229455	6754458	0.0905501991510391	584	5200	17689	60767
1	312236	186613	449584	1132144	82798	6161117	347652	2216461	0.329833954572678	14191	22355	71505	91016
1	39741	2261435	203027	19965	21158	441354	87882	2147201	0.0558966025710106	893	2380	2811	19154
1	596658	192434	50442	15867	905539	2477651	438112	4530162	0.379214525222778	294	2988	29277	468570
1	47718	9002622	144667	580275	15917	65355	56507	5129461	0.254017889499664	2916	3661	15044	22341
1	45101	34308	14016	2845693	1020431	31608	26783	385635	0.0858722403645515	1228	2665	3519	18919
1	134819	23894	842877	4047073	6074565	14504	374088	2397540	0.205719694495201	1532	2046	6143	92413
1	38809	233392	205342	32747	7777753	4022481	1271167	5031358	0.238287687301636	167	2965	20925	116120
1	12024	5351231	78036	109229	37944	146076	30947	9335820	0.152313232421875	4765	5623	25702	27375
1	395049	25890	101526	220781	79193	16565	410769	7512334	0.189203262329102	223	14501	20637	81664
1	31884	142104	1181143	281417	1951274	85713	36365	9990475	0.457864999771118	300	1013	13360	27107
1	27364	114292	2425520	125860	2969400	2281653	116529	3340952	0.306361347436905	7927	20585	22921	31431
1	13030	46701	19484	855698	1970734	1691567	23032	278895	0.381093233823776	1396	7082	8464	16762
1	80988	4992059	7468068	85976	3259096	42534	217970	1438494	0.127777576446533	772	4661	14720	114553
1	148410	115444	2709101	35920	464720	8007980	189393	7614155	0.16751255095005	2683	3404	9089	110185
1	293660	112652	15190	35821	983305	30192	1880773	1828612	0.299965769052505	1872	11489	38905	311444
1	3563168	12810	1294990	16969	12669	1427628	62505	5852125	0.116514906287193	1639	5047	7778	23557
1	627746	581856	39580	264134	1431435	2109131	22874	4187237	0.108950339257717	1580	124423	176771	204076
1	66448	8685338	2202530	3936638	66286	738321	101976	947707	0.364784210920334	337	8641	12781	89289
1	116687	58856	197370	1694989	3831975	598008	1269514	5403630	0.287402242422104	1472	2351	21604	194513
1	19784	4653936	7495202	45124	13654	118580	56499	475413	0.0940016806125641	201	1352	3510	34660
1	57300	41529	13837	1634597	38247	55062	286934	1113607	0.138208746910095	1016	2300	4666	61451
1	42052	88044	4142888	19563	18748	4384802	1973394	3311168	0.171723917126656	2643	4540	14255	406728
1	275597	44008	3393951	34372	287859	3511765	67858	663686	0.226631462574005	932	5673	37829	75157
1	171805	19095	90490	12318	16892	483987	3724588	8413602	0.157701581716537	2717	3117	15038	161095
1	447527	1071235	547184	11833	28198	142766	436048	5591485	0.138497844338417	1125	2054	4080	372742
1	276654	864306	7688811	10614	1537683	6485329	108717	9569521	0.0793938338756561	200	2495	10024	67194
1	60297	725883	3657293	2488624	173915	769207	2748122	4666964	0.29815086722374	291	34331	136648	177678
1	13081	342827	22068	225292	11956	1119777	64596	737145	0.0862888991832733	1621	4663	7210	20436
1	15309	180976	6363490	29410	4810172	26893	269566	3646035	0.11433594673872	155	2612	8680	16603
1	16195	12313	120937	184457	73745	487304	60995	4585877	0.167205214500427	250	994	3667	19491
1	113086	448111	125950	300102	382081	326442	332268	3488585	0.0580027587711811	5233	12606	25013	71236
1	22554	9151296	6166967	9967697	12278	17211	21440	889326	0.35915669798851	1053	1695	5528	14525
1	499302	1365237	213232	125894	214286	1669106	248877	8423050	0.0604071207344532	9238	20111	38210	372242
1	130443	112052	87629	11822	31491	2666300	572341	783777	0.209156095981598	477	5613	17028	103394
1	117302	962561	2346640	26872	110688	560182	959516	1750593	0.194474086165428	165	8273	16357	178984
1	101495	16815	82369	434029	11828	579868	181437	284962	0.0713456869125366	1395	5011	8042	82481
1	1608841	114549	53986	42911	46047	186879	402984	861679	0.100957341492176	1793	12376	18380	80757
1	300651	420565	13030	42185	21862	519948	172270	5236080	0.0512920953333378	963	2078	2913	169818
1	195115	194535	12432	1485323	277093	206657	207124	2967325	0.162209376692772	473	2967	67191	96712
1	137426	2536429	10325	6337436	2770164	531029	252225	8573243	0.265855133533478	248	2772	65056	186302
1	118813	37410	365581	1576902	426507	1918291	36836	2568741	0.101753391325474	3849	9354	14653	27467
1	97442	3564977	834673	3358345	549863	189042	185447	2198156	0.069225937128067	11608	44694	59208	144195
1	83234	6874371	269271	37843	7623437	1679845	192033	4218440	0.469849765300751	2085	3374	107570	204616
1	32545	27393	199307	332090	15127	8176464	147584	1233081	0.174613296985626	200	2242	12794	67809
1	21925	39159	115332	33358	32102	11877	974984	2921079	0.114077933132648	2506	2922	3968	26953
1	80910	35128	417767	157464	78368	3743356	1581315	4623683	0.175074249505997	203	8827	18284	50927
1	2654892	222686	74629	247254	5751879	3035945	2258577	8828771	0.0789789333939552	527	62857	110709	597477
1	19275	16136	19905	371936	9206781	583337	38990	557474	0.14647912979126	485	1924	6126	15565
1	46811	219379	238511	43312	40928	3839066	15653	1033203	0.309965997934341	775	1269	22893	35721
1	32845	1876265	207721	18604	123565	67258	69523	8536885	0.214021474123001	360	399	10192	26415
1	53220	3394397	38885	19963	2082114	10507	58126	1637184	0.0712121278047562	756	3617	7590	27950
1	105659	80035	307244	38820	192397	46368	235009	3680615	0.133970096707344	278	9810	33586	35643
1	13898	32109	81811	4146452	26783	1777063	89807	373119	0.0507075823843479	490	1589	3345	45944
1	1100873	4979974	16651	16744	20207	290226	1146041	5543088	0.0985440835356712	632	6564	7821	305122
1	32942	69017	1863742	159177	512197	42088	108120	7735185	0.0501381978392601	648	3124	4868	33406
1	27775	55576	592649	4444943	4788279	153570	157179	3788182	0.0546945072710514	328	495	1873	33831
1	43933	11186	18416	27542	49372	698802	83998	3641369	0.120101399719715	324	443	5790	20170
1	96383	175704	27657	14223	1039731	46514	225958	806709	0.0858098864555359	432	1274	11480	102805
1	842761	11586	6407758	5872253	12826	222421	1631355	9983746	0.0926268398761749	703	1940	2897	346126
1	12586	11969	1421241	189401	84312	37487	76105	181283	0.421802878379822	1400	2097	2847	29646
1	225356	41837	46326	5840149	6244564	911161	447444	2763317	0.130368113517761	272	2372	7993	308734
1	145427	223869	779101	10821	515170	232067	1388279	2206862	0.331965267658234	850	5986	41761	561479
1	243769	7089301	3683677	88690	63992	37775	1027553	3362356	0.207054644823074	211	7386	16761	393926
1	204092	1076267	2143673	10419	56178	872824	724753	4424334	0.117430634796619	2166	3847	13333	202107
1	270198	20913	1104958	435672	306435	2022188	195230	2353855	0.227805778384209	5974	19661	22164	104841
1	181522	33621	26032	23553	9978077	1810881	116057	937132	0.142527431249619	909	13140	29430	122085
1	33466	118980	995281	2283904	68317	1900531	3345022	5754188	0.129914820194244	150	16720	19002	44943
1	267636	1081233	779857	33387	23479	25714	373501	761631	0.293684482574463	3369	7752	10170	179779
1	14869	1499509	190921	28913	322422	6309053	17017	344085	0.166343882679939	323	2631	4372	9976
1	293162	10655	16362	3690951	15098	1176823	1546135	3300819	0.057504840195179	226	3427	7896	120388
1	21737	41658	18827	358157	14872	26377	827773	3434732	0.303361475467682	506	640	6259	35958
1	156255	15200	220298	10044	84380	622465	2307895	9858510	0.0837903916835785	210	3664	7456	52659
1	119403	42015	92251	123185	602292	1439659	123838	5007064	0.269443452358246	2948	3804	7022	44168
1	197773	79753	569411	142360	66341	5367682	32957	2922405	0.102335229516029	439	41377	93678	103198
1	78616	12570	459680	19087	10416	82595	40243	364082	0.234198853373528	756	1514	3946	21489
1	101375	50557	57870	3680017	14648	6027298	561483	988093	0.121991649270058	1467	2824	19570	81912
1	53257	76950	355367	45073	53587	1264026	1298544	3337443	0.0541683584451675	593	7957	22203	127501
1	74000	1739175	486571	5216392	10791	399862	45574	357713	0.0819207578897476	1072	2665	3634	22729
1	73022	40788	864087	32640	796510	28957	91133	2917978	0.112942650914192	344	388	9378	27182
1	1078976	579420	1231195	3875866	58202	4594949	1614817	4028431	0.0526139698922634	2486	15736	16119	607865
1	156820	2775582	7008474	57176	1590210	1313216	39554	3764308	0.107005655765533	2843	14622	23322	48068
1	191085	518793	26055	4723016	1529504	1507748	2076561	5620932	0.179455190896988	262	13302	69492	687411
1	230999	12553	1611880	958990	30258	99514	633458	2665149	0.179209694266319	240	1679	3628	392492
1	85533	163716	225907	226854	20892	38492	17104	3911271	0.462943315505981	615	4845	16877	18467
1	478911	29817	710813	23512	40211	1508532	121509	4811756	0.0934278294444084	1041	1532	12677	64777
1	13249	1918965	157683	55887	59643	3438990	391032	2785673	0.265145272016525	3565	6143	38418	59837
1	131878	428651	4129587	347794	21708	3107102	1314107	1615223	0.0527490377426147	208	12260	41021	498406
1	482319	157269	19669	7239601	94333	7774186	301544	2725818	0.24258528649807	857	2432	99902	236199
1	13271	134907	114645	50664	13925	212771	1093918	899146	0.0577853471040726	1040	1503	8675	99933
1	74292	99885	9256496	66810	22327	2088677	13597	1172561	0.261915028095245	860	3624	7393	11122
1	281880	27489	61015	84031	47611	203275	236150	1438229	0.26748326420784	3094	12690	14013	27241
1	51272	3813167	49130	338324	10061	123029	41346	6584574	0.0561196319758892	372	466	28691	34511
1	397763	32284	95631	1892168	49988	53364	622814	1760143	0.124140292406082	2240	2357	5959	355586
1	310131	9769587	32989	15757	19189	1847802	354538	4892606	0.16375832259655	196	2449	41524	91185
1	199350	203745	427883	545922	61266	219787	693537	7989962	0.118715800344944	10965	43351	84570	201489
1	24293	3613446	34636	12448	41725	29892	490429	885854	0.148633569478989	1780	2273	5462	19669
1	226438	3465083	2025558	55158	578262	193197	87504	2288020	0.0665503218770027	211	17297	59844	93343
1	46601	44005	52682	43555	9138617	40260	103705	634656	0.258021622896194	263	497	1220	63704
1	30115	200862	77117	3252121	44503	60568	25943	1307045	0.0726378187537193	2241	6230	29701	31387
1	94626	6965464	74629	180650	165648	19433	1536735	2606855	0.363185524940491	6984	34519	37843	233712
1	22971	11964	565998	11087	46161	25696	175669	882634	0.129745692014694	223	842	8907	13016
1	13108	1940095	1677244	17743	2793366	243777	42461	493624	0.106151729822159	764	1460	3346	17199
1	29838	24510	3475619	956577	167182	3884350	54216	161218	0.0730700269341469	338	1976	7002	37492
1	30851	21448	1609588	6961631	2779029	13427	43133	1219771	0.077841155230999	212	617	2897	18418
1	20835	38223	4546777	17145	1058756	47573	2975933	3081809	0.115101084113121	594	705	10161	40157
1	35603	69915	429861	17778	2362278	1016315	25494	1273679	0.116765916347504	770	801	51357	75564
1	10439	153928	1203428	392429	19034	410081	167262	2331571	0.262699723243713	687	4885	9833	27651
1	19983	82215	1102018	4972154	87427	631667	22001	303747	0.211657270789146	1050	2685	4819	23685
1	97938	8793525	3516592	218985	264989	197100	490913	9154000	0.140337854623795	1019	3497	71833	219990
1	23406	12507	69319	5020857	80199	577066	817006	3557487	0.150296181440353	2491	5055	5386	93891
1	1440131	489707	42462	454809	12499	394461	333704	7157861	0.238501667976379	312	5396	31099	142901
1	22469	315273	97177	838097	1193091	759375	59139	1046869	0.124865584075451	1992	9973	22190	47639
1	342932	41992	274080	7752426	112654	1225707	90807	7232830	0.439188361167908	3291	12330	15804	37542
1	27610	25360	393059	5632274	65282	17154	422808	3025270	0.393387794494629	1673	3755	11253	22212
1	192891	9643583	257846	239531	25356	15171	654904	3114067	0.332203984260559	1934	5930	10725	108527
1	568951	726186	67527	18457	4601233	43427	676309	3342444	0.0860237181186676	316	4919	29754	355047
1	1643175	38551	958622	68339	29099	3049928	697949	9434421	0.0812792778015137	167	2773	11328	141716
1	316166	4021030	128012	7547063	154005	1215778	365290	4327401	0.269880384206772	152	211	170811	343672
1	18088	28831	12077	1529628	1510493	16112	621049	3487675	0.116412669420242	242	1726	6005	20612
1	135240	118525	8650012	1758543	16902	166786	1640432	549544	0.0691762045025826	383	9499	56617	69888
1	53155	79398	141229	47242	25580	3105982	24896	2412224	0.44742488861084	466	2360	6848	16265
1	365632	10284	1602588	469802	672981	291210	529910	7532166	0.0605395846068859	2453	3063	4984	117440
1	239501	1393351	75885	2721346	12728	1141891	195069	4761384	0.402358382940292	735	875	220115	248186
1	219664	249586	211647	823022	588591	2158057	117195	2400699	0.055400438606739	245	2053	114621	183036
1	39508	32693	7879524	272448	45164	49607	27471	541854	0.106706775724888	152	1901	10452	36281
1	11348	225310	2940488	775988	959296	2725513	25017	794478	0.28194260597229	1374	3320	7384	15298
1	245869	169690	10401	260840	20468	2976601	71069	7104589	0.190064951777458	232	6226	10754	23668
1	20847	57766	1716363	513994	582952	27669	125704	303817	0.251710265874863	3268	11632	13196	45507
1	554372	33965	221825	90079	37777	125609	1565392	6564617	0.0526607409119606	405	1072	6938	198783
1	262183	268058	11079	23026	24170	42861	115640	1507619	0.0615300349891186	1178	2239	12870	31146
1	31056	1538998	2618939	20212	532000	994554	200592	957197	0.0903997495770454	1675	6950	9458	59866
1	26880	579422	56363	35440	65021	10796	76692	1541034	0.388429969549179	169	178	742	46045
1	76182	2184453	283345	222314	92393	41803	47380	4961392	0.0792760625481606	429	3262	5944	64119
1	31414	22375	2095203	25998	1348200	2116712	94080	210416	0.0516139678657055	599	1798	5499	29393
1	987586	42944	184004	40932	12048	437225	899469	2343229	0.246879905462265	2416	6935	11592	105899
1	586318	1748934	2310409	4566434	2290677	4133295	1139836	5864940	0.195369988679886	2351	7408	38921	335130
1	144689	386817	603420	47118	535727	1221288	2260835	4262468	0.0684139356017113	392	4509	80998	256691
1	25741	42997	187136	44688	296338	67888	113448	724651	0.0684941112995148	761	1344	8060	13579
1	19823	8289578	156236	4405129	94291	521764	630053	1359438	0.0772493705153465	174	15699	27043	61277
1	30726	3874264	2066412	56967	14015	436493	35267	2179398	0.432497590780258	351	586	2426	13393
1	30886	2557199	11260	22778	67110	155146	138378	3076703	0.0971447676420212	419	1979	11314	28530
1	34059	301601	3018672	363301	25682	6292313	24841	274083	0.173638954758644	491	1163	4702	16640
1	67948	73029	191010	27458	618373	234366	266471	3072132	0.258235186338425	1053	3574	19864	27736
1	11292	247490	10272	5677527	2904285	25154	555783	750253	0.0898170322179794	529	4774	8466	22922
1	53251	1776967	159280	1406467	71198	9703115	10864	1322045	0.181705176830292	384	4686	12900	17577
1	33308	68492	113209	65947	584120	194919	567049	1311219	0.169954553246498	1213	6003	10408	58277
1	26908	3652490	1128551	205083	196352	235811	368914	7401666	0.235828682780266	734	14517	36184	41194
1	21889	56985	3135025	525963	10956	48946	320165	7687682	0.241666376590729	317	741	2463	66218
1	21242	7236281	39582	97977	48733	1278858	54931	3037902	0.453236550092697	4042	7050	7282	12675
1	942899	45656	26109	727741	448829	127299	573165	3639952	0.114946633577347	532	44459	67748	412051
1	464993	12742	137665	536842	41316	114706	104050	1791043	0.136801183223724	484	2189	8294	68514
1	270805	27950	96034	17301	135312	22616	258412	7607363	0.40718612074852	319	392	4495	72053
1	115508	349950	357508	180262	136942	84964	19306	3633665	0.103727266192436	669	3100	18375	26384
1	51770	3302603	322021	131417	19937	11580	21874	6456251	0.473311841487885	153	378	1421	15284
1	160603	3490537	2373844	53703	263832	6109513	407690	3969811	0.114871308207512	411	1400	36488	292024
1	1729217	89860	280839	270995	291494	1480796	1918446	9519443	0.0622631311416626	4597	10409	48363	567301
1	301522	376017	517579	16255	97041	4097542	214564	2463930	0.0794815197587013	358	1122	245789	368635
1	2009408	130157	2636031	100710	23733	219360	203442	8655640	0.0757731571793556	2605	6565	70088	99845
1	43373	122709	33505	1047551	144599	147535	44276	257817	0.229209005832672	363	712	1911	20478
1	13256	152542	39352	1744603	29683	3934835	17565	8902924	0.203243941068649	407	604	4363	13380
1	119404	6924538	99520	12506	117765	11013	201100	9315556	0.0679439678788185	218	2045	4674	29172
1	31730	8382528	2495414	48492	728107	36130	136091	904771	0.0575653687119484	281	335	1669	61163
1	89463	640509	269758	1619322	5725143	621428	129677	9990962	0.0545884147286415	279	3086	12236	95602
1	91481	4101893	5307599	42376	978061	34168	20052	2056817	0.320130050182343	6367	29734	34811	54462
1	16570	1064449	7612666	678148	352014	205593	207521	1109969	0.154883325099945	1827	13073	14230	34040
1	543264	417914	23805	166291	6093983	6187095	609942	8612914	0.143039092421532	423	17319	55843	158824
1	1174019	156115	4474751	2746179	1589641	184342	1041726	2767386	0.127332210540771	299	49785	102648	236716
1	792492	1740405	32865	88990	369454	174861	70638	2375593	0.0567861087620258	3664	16912	47535	74065
1	26442	32775	88121	119339	46450	29419	15249	3797748	0.281737834215164	226	817	8002	8788
1	19091	68734	1029326	701433	892732	367623	2641354	4539189	0.0717431232333183	4549	4723	20422	39131
1	445227	246642	198890	40361	103855	53019	434720	5660744	0.150280013680458	478	918	8924	457049
1	73758	178830	311819	105868	24513	3590164	51146	429231	0.22537200152874	456	15750	20601	38407
1	27774	233341	266137	97115	4785126	65279	1999624	7282924	0.435942709445953	1152	4286	9175	70117
1	159648	535952	70900	326109	50111	3770420	70565	1268766	0.180842190980911	813	23731	81265	88761
1	10137	149444	2311914	45881	26043	23888	41967	7096259	0.148825347423553	330	2483	7507	27053
1	127246	23584	2119448	8474819	14501	5131782	7754637	1350679	0.117080092430115	2278	4869	11946	34241
1	86668	2814525	23419	639816	46827	376304	2008593	3209597	0.319006592035294	2858	21675	43017	71871
1	35851	358528	174006	15609	852914	303590	197368	4695384	0.087646484375	553	3140	47913	117994
1	1308335	134269	202030	56771	36467	730073	3304755	4340520	0.0703171938657761	459	6335	120444	340538
1	112453	64983	4211805	8495322	7393728	1133580	109203	7983272	0.0530068278312683	361	784	4258	77017
1	10279	92433	4360872	182459	57904	276050	3494159	8948371	0.15119494497776	1215	19887	29973	119790
1	30452	16002	12337	7946921	66912	33245	2978870	2256691	0.466801524162292	798	7335	11874	25713
1	323500	11896	673582	2736024	2050879	54596	1199178	1509154	0.0505625866353512	353	610	11749	447325
1	15605	7506831	3503111	8726023	127162	6715847	6503843	5248155	0.0607393570244312	236	11085	14837	37419
1	44790	29236	247652	3786530	14648	7083811	129186	168631	0.0697883442044258	760	6664	12519	26224
1	123197	25860	226701	322159	491409	1518890	76383	923792	0.0509442873299122	1603	9996	10780	88528
1	60497	554662	397093	44460	995895	281246	875663	5306306	0.310162901878357	830	5115	9525	121344
1	8528598	3467337	5484305	171583	668246	97825	439617	8727088	0.178663536906242	516	51140	65531	265133
1	87957	614072	1487784	1631176	127718	700831	151004	3796871	0.282266080379486	186	3663	5248	69638
1	28157	85846	310412	51589	10538	601457	2626494	8423194	0.149534821510315	379	515	19732	182823
1	189733	9695590	433373	964533	96177	3231035	369140	4820961	0.0962251052260399	1156	57550	91895	121125
1	73266	22841	417878	310924	4260949	193372	126942	1742272	0.0823383405804634	2975	10130	12364	46895
1	61955	68658	40167	30843	130578	363937	1220394	1164091	0.194763317704201	331	4652	11838	167328
1	2161921	83200	135520	69701	11967	13939	2008845	7896666	0.051579687744379	217	2071	7358	409292
1	60791	627544	17131	2362615	173603	3969747	154610	2522916	0.149045810103416	218	6031	53730	126396
1	32092	10811	4567525	177980	2724336	655853	24614	464006	0.474171310663223	174	3215	3978	35070
1	247401	907372	348861	49982	1835334	2859920	56650	7042584	0.0661427304148674	446	5633	17872	40043
1	75544	274048	73100	2855860	1226528	235288	1310742	4974593	0.237467765808105	4122	8440	18177	159713
1	52941	179684	19274	11917	920276	125170	1142698	1620628	0.102230228483677	1736	5875	10505	70057
1	69980	3422226	613902	2056558	10377	488689	17351	8406989	0.273319840431213	239	1984	6321	11269
1	360720	134518	2517734	9564069	173630	65144	1014900	1864695	0.302477836608887	278	5570	14402	295891
1	135569	244524	45212	38354	203325	185069	203423	7304163	0.109157279133797	377	14445	25318	38146
1	15349	19998	46770	143391	4662237	83993	798241	1004574	0.0610791444778442	2175	2608	5704	40070
1	39886	1525336	48770	3678997	13526	22600	9414109	8822619	0.0545821152627468	1039	2351	4154	118791
1	86953	21910	3044275	133360	1893505	1296968	137073	2091614	0.0522474274039268	497	1518	1988	53649
1	108673	13508	2814972	145868	64609	3559540	94384	347058	0.266686797142029	1310	19472	25451	98728
1	103894	11587	243381	57954	66483	3561291	36741	3516449	0.121453613042831	400	1750	3164	33642
1	150430	12885	21145	2376552	4809510	2496035	77337	3639168	0.0700193047523499	308	1380	9592	70517
1	3242151	225540	13680	51919	125053	191667	948238	2558703	0.0660338923335075	853	20079	32214	97746
1	119173	2034359	989538	8208644	30242	314800	226830	3549689	0.0579214431345463	28343	30106	86457	110233
1	36133	825593	138855	316557	14557	174735	829588	7958342	0.389695912599564	395	9325	51035	86422
1	382781	43522	1163875	2065791	51637	15497	269502	7646866	0.17915216088295	163	570	793	116313
1	2054108	2930414	7752463	10261	195838	212145	859029	6123452	0.354957908391953	744	1424	23205	564388
1	73949	3259384	3963718	120703	2310359	132465	435179	2611055	0.108565203845501	410	1263	4918	75250
1	103274	138302	12890	8504797	35264	328903	6426921	4317096	0.106170929968357	1051	3863	9511	350723
1	35814	35772	11641	5750685	70399	1561498	129861	1211094	0.121721155941486	475	668	7049	24140
1	11933	2662711	10039	306325	199705	10766	34348	2397192	0.232170045375824	267	2214	2863	14688
1	600962	9362301	8487791	93564	1865712	660675	1510855	8583594	0.0907599478960037	1797	44543	129292	645408
1	97923	195123	50684	185938	159345	25393	26380	932397	0.111009605228901	959	4174	11950	35319
1	56090	69599	4466165	35474	18173	795573	774404	8986860	0.0943252667784691	329	1158	9818	43629
1	1190243	5156116	503225	18339	166705	128723	732169	1976715	0.213446840643883	173	4790	17668	243136
1	86916	68508	133185	261625	654464	4471095	160280	2047313	0.0665328726172447	2135	5470	12939	146478
1	1931780	2078232	2665588	221041	97129	2709526	2449417	5261980	0.139906823635101	615	48876	138125	380945
1	15598	92238	128995	6285535	31548	50761	590774	686603	0.445644468069077	246	981	5314	24083
1	40716	34801	10501	659670	306810	10826	474858	1865297	0.0674942880868912	222	223	1805	38809
1	444150	35768	9327814	931165	15807	730892	3117631	4577740	0.177745446562767	1262	4528	36895	97707
1	19401	117874	1022243	105115	13091	61582	52045	2961047	0.0949529558420181	500	2860	6612	8478
1	240064	786555	15899	12040	211585	5202419	338436	9855871	0.126368507742882	266	2441	10260	89751
1	280284	9811823	7132114	5819393	276293	364908	1507583	2539086	0.12095458060503	6584	12062	31223	411846
1	5146475	221645	8809461	3191354	120994	89252	1992001	4529979	0.401879191398621	74451	81364	113223	693335
1	271530	154811	41369	475729	1480521	1000765	95112	6488172	0.213541269302368	914	1170	12354	56265
1	164772	19192	248506	800242	5638637	39749	7069635	2281766	0.215943455696106	1386	2845	13018	333406
1	23129	7683968	226883	6114205	53103	29946	43143	229811	0.297007203102112	169	2159	5375	17433
1	574958	896415	24109	32106	3834400	26606	1457029	8197048	0.168574139475822	4652	10110	19646	118027
1	13250	147450	452927	1508317	167895	6561670	432192	2812057	0.0611579082906246	336	8172	34825	78991
1	25757	33453	12861	1175502	760020	2575174	64200	1449729	0.102629154920578	1243	2896	4378	13798
1	299940	205147	24160	4132330	1506652	28645	751051	4957072	0.0972694978117943	420	448	2059	282293
1	29944	12158	675764	160196	33243	1511015	385658	6220146	0.0827484950423241	569	2046	4814	114327
1	219173	23437	891820	2517050	71364	1485655	555614	9895919	0.264310032129288	176	1984	3512	386132
1	74159	981101	38960	1667244	480220	24567	39780	6628413	0.445005536079407	526	750	1428	22210
1	286079	139881	34408	84679	14762	322360	146164	6067931	0.0953424349427223	996	6635	29129	42330
1	57340	788937	26543	9430902	29447	1291011	199314	760142	0.166597843170166	826	1132	53878	93889
1	41762	84403	111718	6762479	1518669	43123	57468	9523762	0.0918169021606445	208	4060	6550	18128
1	53395	7510984	481089	457378	64630	35320	128927	6442330	0.216107726097107	281	1052	1660	62388
1	89179	3194048	2631135	30803	179151	4839660	122619	1978454	0.346468538045883	1480	1529	3427	37648
1	3089094	208976	55691	42951	36817	128469	168746	4591843	0.174642965197563	250	7678	10947	45156
1	111729	349689	3558181	49439	84959	7785333	4442381	8344509	0.066064864397049	152	4307	46669	522645
1	283939	8819748	16594	17634	3805224	26984	4376594	7960868	0.131608054041862	198	489	4127	418282
1	50123	851596	2350698	723326	42242	271985	15039	1288472	0.2259761095047	203	702	16204	20456
1	370091	4634767	736388	7332267	471146	159161	639205	4315113	0.140910312533379	591	1343	4807	327388
1	95371	41218	268656	2686769	1229200	1458112	433126	2937447	0.119478896260262	3935	10389	43991	159866
1	76606	140814	5447238	147164	20311	6263560	1066548	2038477	0.154120206832886	533	5178	115757	409527
1	47884	23753	80061	16654	189444	63825	34537	5937582	0.0865993648767471	212	223	3363	39334
1	313005	306030	10769	124630	229460	3565958	1013822	1757108	0.229339927434921	441	9411	170697	350188
1	58593	7709529	12183	1085199	59261	3101855	153723	1352587	0.153362289071083	231	3015	67581	124925
1	3687682	250482	416834	68410	81349	891387	347014	8215958	0.154492199420929	2160	5608	73853	137626
1	22653	9193988	3361543	570520	3652941	59614	105244	8215354	0.13919298350811	1098	14017	16588	57277
1	218293	7413075	4180896	30637	21225	3575697	321852	678280	0.194297447800636	2858	3954	7140	173073
1	361469	63835	9698485	39724	5964684	283654	191051	1941674	0.291923344135284	265	2353	43180	233515
1	29626	19447	286131	2697152	241668	493512	367043	561016	0.190983399748802	563	1290	5668	74490
1	1042398	2596435	247545	1126489	865098	4071502	2048926	4573730	0.12816695868969	5577	160339	300199	409835
1	55337	8476332	41009	10522	182415	3019401	97087	2514416	0.0600794181227684	1395	5287	14521	37874
1	106294	170382	189129	91173	36081	116654	166400	1091332	0.0740706026554108	1281	3127	49837	61700
1	10857	50671	226950	139457	8312623	60462	1204476	6043925	0.320470124483109	1781	2706	12318	39132
1	35555	68850	53288	23945	445118	83733	1582422	2291693	0.216497808694839	6694	9761	16166	164348
1	11196	585509	3044818	35523	4621182	3742004	231984	7895634	0.0880613252520561	713	2988	5027	34614
1	53811	2810093	17838	978508	19771	1436180	4590244	4307662	0.0638003051280975	2386	2508	32170	100220
1	1903878	589604	46686	3511132	5774320	7417867	813199	6274624	0.145754218101501	2343	100571	491966	594996
1	212743	342839	1100822	2535657	29646	823952	204755	8781143	0.266063094139099	644	1057	210919	339668
1	63011	54449	5192558	2347126	573338	44607	1589191	1175605	0.0842627212405205	203	339	3517	128644
1	15820	39005	3447923	143141	4474251	767166	40430	7455435	0.0545404031872749	1231	1594	18695	40164
1	155192	10474	30197	1171841	31200	77583	177058	2193387	0.208850607275963	3913	5256	6339	24229
1	4705885	127250	1100362	17358	23111	1510139	1994225	4485570	0.0686268284916878	384	2880	68247	424028
1	1815129	29082	392764	2329499	1051858	52541	877338	3915249	0.221161246299744	196	3810	5002	648250
1	33957	300476	49305	781464	159847	39152	389139	9960707	0.353240519762039	20185	22146	34163	38131
1	40191	28290	2167521	48804	4944128	175698	194380	536579	0.366420030593872	525	3153	3889	63020
1	87370	203427	338610	195499	957904	92522	536274	1662119	0.0834690555930138	330	9614	38675	58264
1	122188	61620	2085266	67753	25987	297608	5769404	620233	0.085592158138752	362	3681	38232	129090
1	36417	136505	586049	39789	19369	61535	7426691	4713724	0.455576688051224	196	354	11423	58513
1	55687	356325	35774	36875	3678157	45859	105288	379606	0.0875164940953255	258	7177	13865	34919
1	27460	4694204	400371	2142835	208498	159944	10645	626760	0.195387229323387	1463	2966	3963	15246
1	321902	3638427	10863	111292	24310	91858	102718	1025106	0.259440720081329	201	2285	3818	57585
1	319257	11381	158781	11183	2241190	740136	769973	9653331	0.0718324333429337	385	2406	14967	129774
1	15307	2079810	5985345	1779684	16690	621364	21758	1915532	0.320562064647675	192	282	375	11958
1	35135	91469	105599	31410	430873	542606	4995423	1293752	0.157732680439949	4344	6296	6652	38019
1	496984	3590698	2304613	4847025	190041	117348	359404	8941252	0.371391654014587	4644	5165	5365	259411
1	543527	133440	165510	3679638	422392	34254	141629	2439839	0.376133441925049	1386	18035	19359	125802
1	304459	142087	439680	18052	42761	6483244	336326	4146546	0.0854342877864838	509	2083	80836	380561
1	28013	84577	451860	8799384	439123	6537200	11959	837057	0.286008298397064	919	1380	5101	16915
1	261694	25198	236787	92139	229024	35681	725473	2750576	0.0917738899588585	285	7311	22457	109309
1	209116	1108178	1016714	1209730	1403448	105393	1530247	5588354	0.250776529312134	1093	1384	10958	265272
1	2184256	60742	13825	1765751	10743	2003304	41269	7565456	0.317563205957413	2975	3701	10249	31505
1	129682	44458	5669464	636965	28680	1437120	56857	516076	0.462581217288971	10203	12554	25641	79103
1	16614	12689	1023814	4830375	30933	15927	337875	2613514	0.407000213861465	335	878	2583	9858
1	53096	1088419	994763	19331	29918	2396039	8085018	3117972	0.170973494648933	345	10500	34427	107175
1	294806	599114	165804	16945	1005801	693744	441100	1323895	0.401161789894104	373	745	142235	326825
1	251915	904954	61680	3490649	79436	1511168	1685654	3993130	0.0767528563737869	321	4228	30085	270303
1	347318	82142	674948	2058074	138202	9005587	1312903	5520714	0.210050463676453	4745	65874	102331	111759
1	318479	3528349	817733	18025	3290307	1551031	1957696	7034724	0.141589641571045	209	412	1476	598233
1	209091	1448826	1353916	39119	23062	292254	866150	1252463	0.0970008373260498	7298	12869	66608	136061
1	938792	62412	1289222	3116430	39860	5108175	251738	716020	0.129330769181252	532	19060	20394	111473
1	30669	168044	682881	4984291	137617	1205961	730932	1429327	0.240616917610168	229	668	36853	57540
1	385604	237269	836223	46441	302877	1950467	240584	1620106	0.0817638635635376	1055	2724	134190	350578
1	414885	2466241	409354	1914561	17185	70907	420614	8755484	0.435583710670471	454	962	6267	88687
1	25424	176987	28905	337435	108562	93656	17709	8724715	0.304099291563034	1074	1088	3527	22664
1	35461	72101	1430459	30474	1115308	339445	7783108	6523827	0.421390980482101	173	1087	22445	80861
1	799443	1757367	135029	14144	1483915	524225	936190	5167054	0.0699433982372284	436	610	5033	643157
1	2119850	25049	255887	55612	8722417	1120198	694189	2481298	0.157552912831306	961	5344	25468	235478
1	41716	1068701	504939	491053	280254	2865871	5973936	2328433	0.122705586254597	2225	29661	32039	137577
1	149526	8390775	12356	3295851	138649	1536034	97882	1606035	0.0823133289813995	229	7197	94934	146103
1	29399	1727285	8665766	267428	124324	352267	4341703	1200989	0.223245069384575	645	24201	40092	103929
1	11985	57361	54107	2101155	2504448	751854	261081	1003533	0.10091619938612	3308	15376	17704	25922
1	1243545	10972	4536467	59083	87279	92772	807100	1733240	0.0570414997637272	425	2726	3280	454757
1	107139	7936963	51101	4109651	2162286	777091	478111	4238520	0.0582040064036846	382	973	1556	120467
1	151375	482177	17083	309870	2880420	54455	89906	2369211	0.0681154131889343	296	422	18154	57733
1	3466442	224910	25548	212422	144764	1676359	143277	1991675	0.072524182498455	259	25680	111310	157306
1	45473	9185708	2241916	574106	13655	132109	38906	3487825	0.0566070750355721	177	682	13161	40621
1	718961	161491	16970	393686	140942	254742	52510	2752551	0.0760759338736534	1512	46627	52162	104016
1	25807	1242825	2559477	369141	629463	162580	87392	546520	0.102310180664062	377	673	2518	30794
1	130812	506939	1880820	1139059	38485	410924	297330	9979308	0.0563322231173515	1872	4602	30144	184780
1	63621	1417358	8147938	36051	82953	22870	1652322	3264197	0.104313127696514	377	12015	12280	77576
1	12635	9943253	545546	3285340	48605	260786	1528177	8295128	0.0765456929802895	1541	14631	30221	107212
1	58995	8984187	1221166	406914	343669	4609357	489090	6119651	0.220878422260284	389	4828	27402	72756
1	11627	1094317	17178	5262719	1645912	308282	1858364	8060962	0.0844733268022537	2650	195911	292743	609177
1	255741	2213258	21948	623155	11324	39400	266915	2335498	0.263260692358017	7525	9009	26732	86883
1	42006	23666	73583	61467	16749	152728	113779	436130	0.357846826314926	397	477	10835	36563
1	67686	42061	89295	16116	139004	10126	49368	156716	0.132454797625542	362	10820	16891	50111
1	846967	39897	27842	50518	2511595	129866	1032524	9484944	0.289301455020905	823	6271	22918	97673
1	14575	50234	6626961	90257	45958	462441	169155	569045	0.105611324310303	2662	2952	4279	10112
1	13589	21423	5648633	2139048	26603	620761	90038	244928	0.078464113175869	293	341	3150	26560
1	21386	271841	732750	91847	18973	204908	185496	1005002	0.257700890302658	243	419	10695	50599
1	165091	62318	2270276	35627	42383	1457701	306072	3208983	0.417130708694458	172	7321	12827	48903
1	1794246	19091	7270543	14569	1720523	287567	32234	4992228	0.0709089711308479	336	1804	3913	15426
1	17734	28402	484996	4854464	845061	227726	1799980	5482524	0.0530183799564838	270	2132	8564	37818
1	252580	4935219	15719	1340346	279956	233253	66692	5307600	0.244643539190292	2809	8014	16383	91316
1	2680282	108168	65748	110862	363767	66702	3077892	3747175	0.128464207053185	10031	25169	72108	344401
1	268330	185836	199608	5642145	15701	116741	2244919	1182202	0.198778957128525	833	2748	29008	81672
1	64057	1218012	130783	1029836	186577	24198	355742	1038383	0.148972719907761	495	843	2705	144920
1	53604	134851	5064813	78757	121940	14910	161787	402486	0.107387408614159	400	472	2226	27685
1	51281	3377683	1523778	23104	169265	330618	144219	7173678	0.365272849798203	1259	3910	14190	24018
1	96982	21136	104298	21899	7946401	448357	981103	6172406	0.0990004613995552	171	2190	3597	406161
1	110213	80319	2540885	944151	5376150	56188	72341	1014158	0.214725285768509	1391	1559	6289	51751
1	92116	69500	227653	28251	17965	36083	6417553	6031418	0.306623786687851	218	1633	9917	26710
1	776241	1117455	2425591	797832	658826	270535	1011859	6227485	0.445783972740173	310	704	1065	432741
1	960651	322931	202221	20385	1854767	1736028	572322	3494760	0.106808729469776	3560	3976	199646	352111
1	67787	26083	5989794	26300	2585872	119482	4643050	3135316	0.221239939332008	791	1607	16496	42407
1	20737	14120	504261	204897	984085	11970	122929	339493	0.0511732064187527	2455	4681	5609	48905
1	53572	238585	123367	1284163	6311379	290740	111704	5938103	0.0797819346189499	194	50135	119511	160750
1	125526	1217278	233578	64384	1035611	284483	71791	1479898	0.344666510820389	161	227	7297	81149
1	135266	120831	1123611	301661	1812274	13840	1697950	3722903	0.204346776008606	247	79363	86270	115029
1	189069	42144	1123674	6021154	356765	115026	105615	1420612	0.0775325447320938	2024	2445	6471	115437
1	863143	21966	127428	5143011	31681	3052364	814473	3388692	0.190399751067162	883	1390	15615	292340
1	97594	706437	293610	416112	9282365	538595	341092	1990413	0.227725148200989	1898	2124	2749	210406
1	377769	2424281	2080485	16595	9545015	1947729	3686813	4595047	0.0941540375351906	2585	4637	287252	667955
1	15311	68950	6793906	7271071	25387	54767	1623337	2292365	0.0647829473018646	223	1366	10309	113975
1	64484	19118	63556	8753072	2350880	2051363	25167	273656	0.412587314844131	753	911	1229	15745
1	61715	1379347	667811	656961	77367	9878850	737523	4161709	0.394364982843399	175	10798	29260	292129
1	35053	505960	40135	8916951	8738397	136751	11010	5250670	0.0664634928107262	358	559	35402	47841
1	816708	259427	53098	22558	863178	304550	268972	2434592	0.147784724831581	1176	3013	9887	277790
1	241726	181589	28652	269156	2735856	3196155	1255343	1686928	0.115105412900448	220	2876	16732	519075
1	32477	578157	255844	5825112	514746	1804350	27767	3896185	0.47145864367485	1199	2167	3654	22711
1	13323	6602233	3507918	143799	19432	26190	1112996	4534530	0.146419629454613	392	1937	2100	54004
1	34002	4254986	35831	55138	11544	54948	219186	8011026	0.165671244263649	160	741	2273	21804
1	29365	3365025	2666729	28877	30967	3889977	2468698	9147868	0.334126949310303	395	4215	30674	293570
1	156709	51794	35348	1036376	7308443	17312	72392	7956965	0.189906686544418	617	1090	4387	19509
1	29877	930672	1747253	6949488	6197127	6850754	62112	1325752	0.103144712746143	1745	4278	8245	29191
1	855928	3710591	479710	3540810	925160	7570561	1426422	6981250	0.154973164200783	16103	26930	198280	452157
1	893871	122677	34842	948900	2219786	139972	131980	5398859	0.139206618070602	3017	5306	67724	190987
1	42683	315458	17654	481544	1607634	144335	4329809	3185668	0.0609169602394104	264	7618	14336	55013
1	206794	1567177	92276	70120	847689	44900	58629	1548383	0.0855512171983719	336	1135	5101	45502
1	746487	202187	129718	374313	1685656	460763	377530	4891384	0.231351956725121	4741	9091	13190	178728
1	274868	8428447	892487	1010565	6517183	936991	1034794	3751862	0.0517748147249222	1126	7872	20979	296458
1	126859	6689459	2782112	7985706	74409	701426	245395	3504098	0.1990837007761	354	660	1063	101903
1	47434	2457202	321987	44721	10353	197230	13204	335614	0.0831313282251358	982	3215	24640	38875
1	59963	21013	4142617	801432	133842	16173	26327	1120134	0.134182274341583	178	197	886	13552
1	14959	99964	95353	2505415	61386	8653105	189337	840897	0.0728311613202095	844	2222	15844	84277
1	563327	127127	285279	66214	460731	1748015	2169902	4871954	0.200510486960411	432	735	75441	644446
1	42226	2992171	1163841	792169	772386	2934081	235839	4680138	0.22455058991909	3240	8205	41899	70455
1	13798	40700	44844	78631	195584	156662	115856	6961854	0.0534047372639179	2763	3257	3839	17704
1	104637	41645	2119486	40790	7488505	421121	32229	1318113	0.182839900255203	403	2828	3599	29842
1	36348	73068	126713	183728	1345215	1147163	739872	6776526	0.222343683242798	569	11992	19741	141290
1	216561	143705	485591	154935	162140	1377149	578198	507344	0.137613087892532	9840	10847	28167	239160
1	16293	3619030	170465	160628	22788	419248	94790	960924	0.319715440273285	4456	5248	45479	104129
1	35473	3363883	3708457	33128	182024	33889	4069752	1619863	0.22196327149868	152	2560	3351	34728
1	1031628	754168	124612	273215	19567	4473653	186888	2132805	0.0597933158278465	2887	8174	35503	159730
1	188153	49441	13355	386939	133072	232342	459385	2258938	0.0664701014757156	1064	62667	67878	135318
1	276034	337455	1965937	2737021	65606	245686	2569836	859787	0.113355360925198	18270	49662	88160	460436
1	80038	54629	866284	38677	38591	325321	2113978	1567905	0.340309351682663	408	969	2770	177654
1	31267	7480741	4153734	36285	522496	38372	371031	5628386	0.115596920251846	869	1641	9921	127191
1	1738047	2006683	35873	11048	18834	1294066	30367	940805	0.254376292228699	797	7890	8813	19018
1	593732	18772	108978	469939	1986084	42697	2111933	4059302	0.139797642827034	154	350	8278	729588
1	33025	21248	1151914	63675	3644275	1389185	78921	417930	0.242592543363571	835	2373	3283	20536
1	90767	15921	35270	185205	53996	2551334	5623717	2753198	0.0802484527230263	546	3212	4488	75251
1	424477	47175	7884703	1886300	2307467	6981765	381972	688294	0.260381698608398	894	9353	23458	114238
1	433873	4691417	7215273	22205	921362	9179090	293171	8493550	0.149918660521507	218	13724	647146	733250
1	60434	723490	23092	1007278	11132	7703064	715640	1643268	0.0659605413675308	1509	2188	116871	278413
1	33251	25812	10638	28667	4167256	556570	2929579	7191325	0.0781364440917969	487	568	4420	67815
1	60225	462311	4199098	12209	1141912	279164	25775	8140833	0.185025408864021	804	3959	36148	79296
1	5240041	182771	22178	202290	321271	226772	1757664	5845206	0.10468503087759	4702	25120	44848	171426
1	55601	537453	112834	6821551	70714	4056152	537899	944481	0.0619422122836113	297	5666	57423	145617
1	28571	3166991	21622	268663	3215487	605417	12041	1640992	0.220033213496208	600	3781	3799	8508
1	1148888	15682	203263	27218	30897	10726	92163	1626888	0.117643393576145	162	3377	4029	13469
1	116158	3279139	22559	2711330	658370	41311	386911	3491859	0.0537710227072239	2665	5334	11238	73377
1	669115	2487238	48662	16002	390109	312297	162661	2942284	0.084347702562809	2077	9477	9956	63340
1	266816	8456073	58018	12267	45475	65689	1750853	2075698	0.0970963016152382	221	412	5422	223833
1	40587	3313318	35754	48409	10223	1093917	1402501	6340137	0.286453306674957	431	1531	6517	80553
1	17018	11178	232718	50911	1291603	891207	96132	176323	0.187313377857208	1267	1314	1596	29107
1	25142	121900	165751	18448	30248	358854	5632681	1711639	0.181317895650864	1112	1262	72329	125960
1	1611410	289222	359819	14087	23555	2174338	398103	1603790	0.194508627057076	3503	10558	21624	212503
1	1035162	835418	405276	2243790	11147	87487	1201273	5578819	0.0626599192619324	222	742	11369	260372
1	37476	103154	729070	445038	26634	47020	4913683	4514656	0.18713141977787	315	636	10340	63980
1	10603	165459	26739	1711154	3060599	607251	114944	3472900	0.346876740455627	503	1863	36949	53636
1	97934	44590	36722	1948311	104383	1764859	10125	2905067	0.133221581578255	160	3575	7544	11680
1	166421	136578	5265475	588031	19206	677432	3302241	8232854	0.0866795405745506	166	1573	44858	50790
1	69667	2424128	7679196	16056	3781673	73708	61065	7199728	0.0929534286260605	290	359	4627	25436
1	47822	108176	109086	7353321	7971858	15065	35681	464719	0.185620456933975	537	17625	23975	29067
1	335162	13304	485630	583770	10687	123533	89937	7617346	0.150762423872948	641	1054	1517	81684
1	21369	12833	1901050	6329879	17646	43691	5017244	271852	0.0658023208379745	208	6436	8687	45897
1	62217	251871	1302746	3637734	81679	50859	67088	6889587	0.35969951748848	386	1076	2428	17072
1	290466	131324	457258	8561155	479144	28803	71999	3485128	0.34905219078064	1061	7001	8938	47917
1	432031	8578119	1369971	185814	207278	6516216	240448	3017977	0.0661263465881348	262	2166	56021	131143
1	186176	194744	7186406	861411	378399	263635	932197	3565668	0.274856925010681	99751	132214	177961	553199
1	49749	592253	2402549	1580616	1405619	4566464	83922	814921	0.111187994480133	157	2995	7320	33039
1	104752	163349	2768519	74258	135312	2228989	1566770	9170980	0.485473573207855	258	1878	6477	275146
